time,species,speed,perc,,,,,,,,,,
0,Spathiphyllum wallisii ,fast,1,,,,,,,,,,
0.083,Spathiphyllum wallisii ,fast,37.25,,,,,,,,,,
0.17,Spathiphyllum wallisii ,fast,42.12,,,,,,,,,,
0.25,Spathiphyllum wallisii ,fast,47.42,,,,,,,,,,
0.33,Spathiphyllum wallisii ,fast,54.01,,,,,,,,,,
0.42,Spathiphyllum wallisii ,fast,59.46,,,,,,,,,,
0.5,Spathiphyllum wallisii ,fast,62.18,,,,,,,,,,
0.58,Spathiphyllum wallisii ,fast,64.76,,,,,,,,,,
0.66,Spathiphyllum wallisii ,fast,66.91,,,,,,,,,,
0.75,Spathiphyllum wallisii ,fast,68.91,,,,,,,,,,
0.83,Spathiphyllum wallisii ,fast,69.48,,,,,,,,,,
0.91,Spathiphyllum wallisii ,fast,70.49,,,,,,,,,,
1,Spathiphyllum wallisii ,fast,73.21,,,,,,,,,,
1.08,Spathiphyllum wallisii ,fast,73.21,,,,,,,,,,
1.16,Spathiphyllum wallisii ,fast,74.93,,,,,,,,,,
1.25,Spathiphyllum wallisii ,fast,75.21,,,,,,,,,,
1.33,Spathiphyllum wallisii ,fast,77.51,,,,,,,,,,
1.41,Spathiphyllum wallisii ,fast,77.94,,,,,,,,,,
1.5,Spathiphyllum wallisii ,fast,78.22,,,,,,,,,,
1.58,Spathiphyllum wallisii ,fast,91.83,,,,,,,,,,
1.67,Spathiphyllum wallisii ,fast,94.13,,,,,,,,,,
1.75,Spathiphyllum wallisii ,fast,94.99,,,,,,,,,,
1.83,Spathiphyllum wallisii ,fast,94.84,,,,,,,,,,
1.92,Spathiphyllum wallisii ,fast,95.56,,,,,,,,,,
2,Spathiphyllum wallisii ,fast,95.56,,,,,,,,,,
2.08,Spathiphyllum wallisii ,fast,95.7,,,,,,,,,,
2.16,Spathiphyllum wallisii ,fast,96.13,,,,,,,,,,
2.25,Spathiphyllum wallisii ,fast,96.56,,,,,,,,,,
2.33,Spathiphyllum wallisii ,fast,97.28,,,,,,,,,,
2.41,Spathiphyllum wallisii ,fast,97.42,,,,,,,,,,
2.5,Spathiphyllum wallisii ,fast,98.57,,,,,,,,,,
2.58,Spathiphyllum wallisii ,fast,98.57,,,,,,,,,,
2.66,Spathiphyllum wallisii ,fast,100,,,,,,,,,,
2.75,Spathiphyllum wallisii ,fast,98.71,,,,,,,,,,
2.83,Spathiphyllum wallisii ,fast,99.86,,,,,,,,,,
2.91,Spathiphyllum wallisii ,fast,99.86,,,,,,,,,,
3,Spathiphyllum wallisii ,fast,99.57,,,,,,,,,,
0,Spathiphyllum wallisii ,fast,0.84,,,,,,,,,,
0.083,Spathiphyllum wallisii ,fast,46.53,,,,,,,,,,
0.17,Spathiphyllum wallisii ,fast,60.53,,,,,,,,,,
0.25,Spathiphyllum wallisii ,fast,72.53,,,,,,,,,,
0.33,Spathiphyllum wallisii ,fast,78.63,,,,,,,,,,
0.42,Spathiphyllum wallisii ,fast,80.95,,,,,,,,,,
0.5,Spathiphyllum wallisii ,fast,82.63,,,,,,,,,,
0.58,Spathiphyllum wallisii ,fast,84.21,,,,,,,,,,
0.66,Spathiphyllum wallisii ,fast,85.58,,,,,,,,,,
0.75,Spathiphyllum wallisii ,fast,86.42,,,,,,,,,,
0.83,Spathiphyllum wallisii ,fast,87.37,,,,,,,,,,
0.91,Spathiphyllum wallisii ,fast,87.89,,,,,,,,,,
1,Spathiphyllum wallisii ,fast,88.84,,,,,,,,,,
1.08,Spathiphyllum wallisii ,fast,89.16,,,,,,,,,,
1.16,Spathiphyllum wallisii ,fast,89.68,,,,,,,,,,
1.25,Spathiphyllum wallisii ,fast,90.53,,,,,,,,,,
1.33,Spathiphyllum wallisii ,fast,90.74,,,,,,,,,,
1.41,Spathiphyllum wallisii ,fast,91.37,,,,,,,,,,
1.5,Spathiphyllum wallisii ,fast,91.47,,,,,,,,,,
1.58,Spathiphyllum wallisii ,fast,91.68,,,,,,,,,,
1.67,Spathiphyllum wallisii ,fast,92.32,,,,,,,,,,
1.75,Spathiphyllum wallisii ,fast,96.84,,,,,,,,,,
1.83,Spathiphyllum wallisii ,fast,96.74,,,,,,,,,,
1.92,Spathiphyllum wallisii ,fast,97.58,,,,,,,,,,
2,Spathiphyllum wallisii ,fast,97.89,,,,,,,,,,
2.08,Spathiphyllum wallisii ,fast,98.84,,,,,,,,,,
2.16,Spathiphyllum wallisii ,fast,98.63,,,,,,,,,,
2.25,Spathiphyllum wallisii ,fast,98.63,,,,,,,,,,
2.33,Spathiphyllum wallisii ,fast,98.84,,,,,,,,,,
2.41,Spathiphyllum wallisii ,fast,99.37,,,,,,,,,,
2.5,Spathiphyllum wallisii ,fast,99.47,,,,,,,,,,
2.58,Spathiphyllum wallisii ,fast,99.37,,,,,,,,,,
2.66,Spathiphyllum wallisii ,fast,99.37,,,,,,,,,,
2.75,Spathiphyllum wallisii ,fast,99.37,,,,,,,,,,
2.83,Spathiphyllum wallisii ,fast,99.79,,,,,,,,,,
2.91,Spathiphyllum wallisii ,fast,99.58,,,,,,,,,,
3,Spathiphyllum wallisii ,fast,100,,,,,,,,,,
0,Chlorophytum comosum variegatum,fast,0,,,,,,,,,,
0.083,Chlorophytum comosum variegatum,fast,1.45,,,,,,,,,,
0.17,Chlorophytum comosum variegatum,fast,2.89,,,,,,,,,,
0.25,Chlorophytum comosum variegatum,fast,4.07,,,,,,,,,,
0.33,Chlorophytum comosum variegatum,fast,9.07,,,,,,,,,,
0.42,Chlorophytum comosum variegatum,fast,20.89,,,,,,,,,,
0.5,Chlorophytum comosum variegatum,fast,29.96,,,,,,,,,,
0.58,Chlorophytum comosum variegatum,fast,39.03,,,,,,,,,,
0.66,Chlorophytum comosum variegatum,fast,49.41,,,,,,,,,,
0.75,Chlorophytum comosum variegatum,fast,57.82,,,,,,,,,,
0.83,Chlorophytum comosum variegatum,fast,64.13,,,,,,,,,,
0.91,Chlorophytum comosum variegatum,fast,69.65,,,,,,,,,,
1,Chlorophytum comosum variegatum,fast,74.9,,,,,,,,,,
1.08,Chlorophytum comosum variegatum,fast,79.5,,,,,,,,,,
1.16,Chlorophytum comosum variegatum,fast,84.1,,,,,,,,,,
1.25,Chlorophytum comosum variegatum,fast,88.57,,,,,,,,,,
1.33,Chlorophytum comosum variegatum,fast,91.46,,,,,,,,,,
1.41,Chlorophytum comosum variegatum,fast,95.66,,,,,,,,,,
1.5,Chlorophytum comosum variegatum,fast,98.16,,,,,,,,,,
1.58,Chlorophytum comosum variegatum,fast,100,,,,,,,,,,
1.67,Chlorophytum comosum variegatum,fast,100,,,,,,,,,,
1.75,Chlorophytum comosum variegatum,fast,100,,,,,,,,,,
1.83,Chlorophytum comosum variegatum,fast,100,,,,,,,,,,
1.92,Chlorophytum comosum variegatum,fast,100,,,,,,,,,,
2,Chlorophytum comosum variegatum,fast,100,,,,,,,,,,
2.08,Chlorophytum comosum variegatum,fast,100,,,,,,,,,,
2.16,Chlorophytum comosum variegatum,fast,100,,,,,,,,,,
2.25,Chlorophytum comosum variegatum,fast,100,,,,,,,,,,
2.33,Chlorophytum comosum variegatum,fast,100,,,,,,,,,,
2.41,Chlorophytum comosum variegatum,fast,100,,,,,,,,,,
2.5,Chlorophytum comosum variegatum,fast,100,,,,,,,,,,
2.58,Chlorophytum comosum variegatum,fast,100,,,,,,,,,,
2.66,Chlorophytum comosum variegatum,fast,100,,,,,,,,,,
2.75,Chlorophytum comosum variegatum,fast,100,,,,,,,,,,
2.83,Chlorophytum comosum variegatum,fast,100,,,,,,,,,,
2.91,Chlorophytum comosum variegatum,fast,100,,,,,,,,,,
3,Chlorophytum comosum variegatum,fast,100,,,,,,,,,,
0,Chlorophytum comosum variegatum,fast,0.2,,,,,,,,,,
0.083,Chlorophytum comosum variegatum,fast,0.4,,,,,,,,,,
0.17,Chlorophytum comosum variegatum,fast,0.91,,,,,,,,,,
0.25,Chlorophytum comosum variegatum,fast,1.21,,,,,,,,,,
0.33,Chlorophytum comosum variegatum,fast,1.52,,,,,,,,,,
0.42,Chlorophytum comosum variegatum,fast,1.82,,,,,,,,,,
0.5,Chlorophytum comosum variegatum,fast,2.02,,,,,,,,,,
0.58,Chlorophytum comosum variegatum,fast,4.75,,,,,,,,,,
0.66,Chlorophytum comosum variegatum,fast,23.56,,,,,,,,,,
0.75,Chlorophytum comosum variegatum,fast,39.43,,,,,,,,,,
0.83,Chlorophytum comosum variegatum,fast,47.02,,,,,,,,,,
0.91,Chlorophytum comosum variegatum,fast,50.25,,,,,,,,,,
1,Chlorophytum comosum variegatum,fast,56.42,,,,,,,,,,
1.08,Chlorophytum comosum variegatum,fast,62.99,,,,,,,,,,
1.16,Chlorophytum comosum variegatum,fast,66.94,,,,,,,,,,
1.25,Chlorophytum comosum variegatum,fast,68.66,,,,,,,,,,
1.33,Chlorophytum comosum variegatum,fast,70.37,,,,,,,,,,
1.41,Chlorophytum comosum variegatum,fast,73.21,,,,,,,,,,
1.5,Chlorophytum comosum variegatum,fast,75.33,,,,,,,,,,
1.58,Chlorophytum comosum variegatum,fast,77.35,,,,,,,,,,
1.67,Chlorophytum comosum variegatum,fast,79.47,,,,,,,,,,
1.75,Chlorophytum comosum variegatum,fast,81.29,,,,,,,,,,
1.83,Chlorophytum comosum variegatum,fast,83.01,,,,,,,,,,
1.92,Chlorophytum comosum variegatum,fast,83.72,,,,,,,,,,
2,Chlorophytum comosum variegatum,fast,84.53,,,,,,,,,,
2.08,Chlorophytum comosum variegatum,fast,85.95,,,,,,,,,,
2.16,Chlorophytum comosum variegatum,fast,86.05,,,,,,,,,,
2.25,Chlorophytum comosum variegatum,fast,87.56,,,,,,,,,,
2.33,Chlorophytum comosum variegatum,fast,88.27,,,,,,,,,,
2.41,Chlorophytum comosum variegatum,fast,89.08,,,,,,,,,,
2.5,Chlorophytum comosum variegatum,fast,89.48,,,,,,,,,,
2.58,Chlorophytum comosum variegatum,fast,89.99,,,,,,,,,,
2.66,Chlorophytum comosum variegatum,fast,90.39,,,,,,,,,,
2.75,Chlorophytum comosum variegatum,fast,91.2,,,,,,,,,,
2.83,Chlorophytum comosum variegatum,fast,91.61,,,,,,,,,,
2.91,Chlorophytum comosum variegatum,fast,99.49,,,,,,,,,,
3,Chlorophytum comosum variegatum,fast,100,,,,,,,,,,
0,Chlorophytum comosum variegatum,fast,1.04,,,,,,,,,,
0.083,Chlorophytum comosum variegatum,fast,0.84,,,,,,,,,,
0.17,Chlorophytum comosum variegatum,fast,2.71,,,,,,,,,,
0.25,Chlorophytum comosum variegatum,fast,6.68,,,,,,,,,,
0.33,Chlorophytum comosum variegatum,fast,10.02,,,,,,,,,,
0.42,Chlorophytum comosum variegatum,fast,15.87,,,,,,,,,,
0.5,Chlorophytum comosum variegatum,fast,19.21,,,,,,,,,,
0.58,Chlorophytum comosum variegatum,fast,24.63,,,,,,,,,,
0.66,Chlorophytum comosum variegatum,fast,27.14,,,,,,,,,,
0.75,Chlorophytum comosum variegatum,fast,30.9,,,,,,,,,,
0.83,Chlorophytum comosum variegatum,fast,33.61,,,,,,,,,,
0.91,Chlorophytum comosum variegatum,fast,37.79,,,,,,,,,,
1,Chlorophytum comosum variegatum,fast,42.17,,,,,,,,,,
1.08,Chlorophytum comosum variegatum,fast,45.93,,,,,,,,,,
1.16,Chlorophytum comosum variegatum,fast,49.69,,,,,,,,,,
1.25,Chlorophytum comosum variegatum,fast,52.61,,,,,,,,,,
1.33,Chlorophytum comosum variegatum,fast,55.95,,,,,,,,,,
1.41,Chlorophytum comosum variegatum,fast,58.25,,,,,,,,,,
1.5,Chlorophytum comosum variegatum,fast,61.38,,,,,,,,,,
1.58,Chlorophytum comosum variegatum,fast,64.93,,,,,,,,,,
1.67,Chlorophytum comosum variegatum,fast,65.76,,,,,,,,,,
1.75,Chlorophytum comosum variegatum,fast,66.6,,,,,,,,,,
1.83,Chlorophytum comosum variegatum,fast,68.48,,,,,,,,,,
1.92,Chlorophytum comosum variegatum,fast,70.35,,,,,,,,,,
2,Chlorophytum comosum variegatum,fast,78.71,,,,,,,,,,
2.08,Chlorophytum comosum variegatum,fast,81.21,,,,,,,,,,
2.16,Chlorophytum comosum variegatum,fast,83.3,,,,,,,,,,
2.25,Chlorophytum comosum variegatum,fast,85.39,,,,,,,,,,
2.33,Chlorophytum comosum variegatum,fast,87.27,,,,,,,,,,
2.41,Chlorophytum comosum variegatum,fast,89.35,,,,,,,,,,
2.5,Chlorophytum comosum variegatum,fast,91.23,,,,,,,,,,
2.58,Chlorophytum comosum variegatum,fast,93.32,,,,,,,,,,
2.66,Chlorophytum comosum variegatum,fast,94.78,,,,,,,,,,
2.75,Chlorophytum comosum variegatum,fast,95.82,,,,,,,,,,
2.83,Chlorophytum comosum variegatum,fast,97.08,,,,,,,,,,
2.91,Chlorophytum comosum variegatum,fast,98.33,,,,,,,,,,
3,Chlorophytum comosum variegatum,fast,100,,,,,,,,,,
0,Nematanthus wettsteinii,fast,0.2,,,,,,,,,,
0.083,Nematanthus wettsteinii,fast,0.59,,,,,,,,,,
0.17,Nematanthus wettsteinii,fast,0.59,,,,,,,,,,
0.25,Nematanthus wettsteinii,fast,0.79,,,,,,,,,,
0.33,Nematanthus wettsteinii,fast,0.79,,,,,,,,,,
0.42,Nematanthus wettsteinii,fast,1.38,,,,,,,,,,
0.5,Nematanthus wettsteinii,fast,1.57,,,,,,,,,,
0.58,Nematanthus wettsteinii,fast,1.96,,,,,,,,,,
0.66,Nematanthus wettsteinii,fast,3.54,,,,,,,,,,
0.75,Nematanthus wettsteinii,fast,7.27,,,,,,,,,,
0.83,Nematanthus wettsteinii,fast,11.79,,,,,,,,,,
0.91,Nematanthus wettsteinii,fast,12.18,,,,,,,,,,
1,Nematanthus wettsteinii,fast,21.41,,,,,,,,,,
1.08,Nematanthus wettsteinii,fast,30.65,,,,,,,,,,
1.16,Nematanthus wettsteinii,fast,37.33,,,,,,,,,,
1.25,Nematanthus wettsteinii,fast,42.44,,,,,,,,,,
1.33,Nematanthus wettsteinii,fast,46.17,,,,,,,,,,
1.41,Nematanthus wettsteinii,fast,49.71,,,,,,,,,,
1.5,Nematanthus wettsteinii,fast,53.63,,,,,,,,,,
1.58,Nematanthus wettsteinii,fast,57.17,,,,,,,,,,
1.67,Nematanthus wettsteinii,fast,60.31,,,,,,,,,,
1.75,Nematanthus wettsteinii,fast,62.28,,,,,,,,,,
1.83,Nematanthus wettsteinii,fast,65.03,,,,,,,,,,
1.92,Nematanthus wettsteinii,fast,67.58,,,,,,,,,,
2,Nematanthus wettsteinii,fast,70.53,,,,,,,,,,
2.08,Nematanthus wettsteinii,fast,74.26,,,,,,,,,,
2.16,Nematanthus wettsteinii,fast,77.21,,,,,,,,,,
2.25,Nematanthus wettsteinii,fast,79.57,,,,,,,,,,
2.33,Nematanthus wettsteinii,fast,82.32,,,,,,,,,,
2.41,Nematanthus wettsteinii,fast,84.48,,,,,,,,,,
2.5,Nematanthus wettsteinii,fast,86.84,,,,,,,,,,
2.58,Nematanthus wettsteinii,fast,89.39,,,,,,,,,,
2.66,Nematanthus wettsteinii,fast,90.96,,,,,,,,,,
2.75,Nematanthus wettsteinii,fast,93.91,,,,,,,,,,
2.83,Nematanthus wettsteinii,fast,95.68,,,,,,,,,,
2.91,Nematanthus wettsteinii,fast,97.45,,,,,,,,,,
3,Nematanthus wettsteinii,fast,98.82,,,,,,,,,,
0,Nematanthus wettsteinii,fast,0,,,,,,,,,,
0.083,Nematanthus wettsteinii,fast,9.05,,,,,,,,,,
0.17,Nematanthus wettsteinii,fast,11.72,,,,,,,,,,
0.25,Nematanthus wettsteinii,fast,13.06,,,,,,,,,,
0.33,Nematanthus wettsteinii,fast,15.43,,,,,,,,,,
0.42,Nematanthus wettsteinii,fast,19.29,,,,,,,,,,
0.5,Nematanthus wettsteinii,fast,25.67,,,,,,,,,,
0.58,Nematanthus wettsteinii,fast,31.45,,,,,,,,,,
0.66,Nematanthus wettsteinii,fast,35.61,,,,,,,,,,
0.75,Nematanthus wettsteinii,fast,38.13,,,,,,,,,,
0.83,Nematanthus wettsteinii,fast,41.39,,,,,,,,,,
0.91,Nematanthus wettsteinii,fast,42.58,,,,,,,,,,
1,Nematanthus wettsteinii,fast,47.92,,,,,,,,,,
1.08,Nematanthus wettsteinii,fast,50,,,,,,,,,,
1.16,Nematanthus wettsteinii,fast,52.08,,,,,,,,,,
1.25,Nematanthus wettsteinii,fast,53.56,,,,,,,,,,
1.33,Nematanthus wettsteinii,fast,55.49,,,,,,,,,,
1.41,Nematanthus wettsteinii,fast,56.97,,,,,,,,,,
1.5,Nematanthus wettsteinii,fast,58.46,,,,,,,,,,
1.58,Nematanthus wettsteinii,fast,59.79,,,,,,,,,,
1.67,Nematanthus wettsteinii,fast,61.13,,,,,,,,,,
1.75,Nematanthus wettsteinii,fast,62.76,,,,,,,,,,
1.83,Nematanthus wettsteinii,fast,64.24,,,,,,,,,,
1.92,Nematanthus wettsteinii,fast,66.47,,,,,,,,,,
2,Nematanthus wettsteinii,fast,68.55,,,,,,,,,,
2.08,Nematanthus wettsteinii,fast,70.33,,,,,,,,,,
2.16,Nematanthus wettsteinii,fast,72.11,,,,,,,,,,
2.25,Nematanthus wettsteinii,fast,73.59,,,,,,,,,,
2.33,Nematanthus wettsteinii,fast,75.52,,,,,,,,,,
2.41,Nematanthus wettsteinii,fast,77.15,,,,,,,,,,
2.5,Nematanthus wettsteinii,fast,78.78,,,,,,,,,,
2.58,Nematanthus wettsteinii,fast,80.86,,,,,,,,,,
2.66,Nematanthus wettsteinii,fast,82.05,,,,,,,,,,
2.75,Nematanthus wettsteinii,fast,84.87,,,,,,,,,,
2.83,Nematanthus wettsteinii,fast,89.32,,,,,,,,,,
2.91,Nematanthus wettsteinii,fast,95.4,,,,,,,,,,
3,Nematanthus wettsteinii,fast,100,,,,,,,,,,
0,Nematanthus wettsteinii,fast,0.8,,,,,,,,,,
0.083,Nematanthus wettsteinii,fast,3.04,,,,,,,,,,
0.17,Nematanthus wettsteinii,fast,28.15,,,,,,,,,,
0.25,Nematanthus wettsteinii,fast,64.61,,,,,,,,,,
0.33,Nematanthus wettsteinii,fast,72.74,,,,,,,,,,
0.42,Nematanthus wettsteinii,fast,76.5,,,,,,,,,,
0.5,Nematanthus wettsteinii,fast,80.25,,,,,,,,,,
0.58,Nematanthus wettsteinii,fast,82.66,,,,,,,,,,
0.66,Nematanthus wettsteinii,fast,84.36,,,,,,,,,,
0.75,Nematanthus wettsteinii,fast,86.24,,,,,,,,,,
0.83,Nematanthus wettsteinii,fast,87.49,,,,,,,,,,
0.91,Nematanthus wettsteinii,fast,88.65,,,,,,,,,,
1,Nematanthus wettsteinii,fast,89.81,,,,,,,,,,
1.08,Nematanthus wettsteinii,fast,90.8,,,,,,,,,,
1.16,Nematanthus wettsteinii,fast,91.69,,,,,,,,,,
1.25,Nematanthus wettsteinii,fast,92.14,,,,,,,,,,
1.33,Nematanthus wettsteinii,fast,92.94,,,,,,,,,,
1.41,Nematanthus wettsteinii,fast,93.74,,,,,,,,,,
1.5,Nematanthus wettsteinii,fast,94.28,,,,,,,,,,
1.58,Nematanthus wettsteinii,fast,94.55,,,,,,,,,,
1.67,Nematanthus wettsteinii,fast,95.17,,,,,,,,,,
1.75,Nematanthus wettsteinii,fast,95.8,,,,,,,,,,
1.83,Nematanthus wettsteinii,fast,96.16,,,,,,,,,,
1.92,Nematanthus wettsteinii,fast,96.6,,,,,,,,,,
2,Nematanthus wettsteinii,fast,97.05,,,,,,,,,,
2.08,Nematanthus wettsteinii,fast,97.32,,,,,,,,,,
2.16,Nematanthus wettsteinii,fast,97.32,,,,,,,,,,
2.25,Nematanthus wettsteinii,fast,97.68,,,,,,,,,,
2.33,Nematanthus wettsteinii,fast,97.68,,,,,,,,,,
2.41,Nematanthus wettsteinii,fast,97.94,,,,,,,,,,
2.5,Nematanthus wettsteinii,fast,98.39,,,,,,,,,,
2.58,Nematanthus wettsteinii,fast,98.66,,,,,,,,,,
2.66,Nematanthus wettsteinii,fast,99.02,,,,,,,,,,
2.75,Nematanthus wettsteinii,fast,99.37,,,,,,,,,,
2.83,Nematanthus wettsteinii,fast,99.82,,,,,,,,,,
2.91,Nematanthus wettsteinii,fast,100,,,,,,,,,,
3,Nematanthus wettsteinii,fast,100,,,,,,,,,,
0,Spathiphyllum Chico,fast,0,,,,,,,,,,
0.083,Spathiphyllum Chico,fast,0.78,,,,,,,,,,
0.17,Spathiphyllum Chico,fast,0,,,,,,,,,,
0.25,Spathiphyllum Chico,fast,0,,,,,,,,,,
0.33,Spathiphyllum Chico,fast,2.33,,,,,,,,,,
0.42,Spathiphyllum Chico,fast,3.23,,,,,,,,,,
0.5,Spathiphyllum Chico,fast,3.36,,,,,,,,,,
0.58,Spathiphyllum Chico,fast,4.26,,,,,,,,,,
0.66,Spathiphyllum Chico,fast,12.92,,,,,,,,,,
0.75,Spathiphyllum Chico,fast,27.52,,,,,,,,,,
0.83,Spathiphyllum Chico,fast,34.24,,,,,,,,,,
0.91,Spathiphyllum Chico,fast,41.47,,,,,,,,,,
1,Spathiphyllum Chico,fast,50.65,,,,,,,,,,
1.08,Spathiphyllum Chico,fast,52.33,,,,,,,,,,
1.16,Spathiphyllum Chico,fast,55.56,,,,,,,,,,
1.25,Spathiphyllum Chico,fast,58.91,,,,,,,,,,
1.33,Spathiphyllum Chico,fast,61.63,,,,,,,,,,
1.41,Spathiphyllum Chico,fast,63.7,,,,,,,,,,
1.5,Spathiphyllum Chico,fast,65.5,,,,,,,,,,
1.58,Spathiphyllum Chico,fast,67.18,,,,,,,,,,
1.67,Spathiphyllum Chico,fast,69.64,,,,,,,,,,
1.75,Spathiphyllum Chico,fast,71.45,,,,,,,,,,
1.83,Spathiphyllum Chico,fast,72.74,,,,,,,,,,
1.92,Spathiphyllum Chico,fast,70.54,,,,,,,,,,
2,Spathiphyllum Chico,fast,72.61,,,,,,,,,,
2.08,Spathiphyllum Chico,fast,74.94,,,,,,,,,,
2.16,Spathiphyllum Chico,fast,75.97,,,,,,,,,,
2.25,Spathiphyllum Chico,fast,85.66,,,,,,,,,,
2.33,Spathiphyllum Chico,fast,88.89,,,,,,,,,,
2.41,Spathiphyllum Chico,fast,89.92,,,,,,,,,,
2.5,Spathiphyllum Chico,fast,91.09,,,,,,,,,,
2.58,Spathiphyllum Chico,fast,93.02,,,,,,,,,,
2.66,Spathiphyllum Chico,fast,94.57,,,,,,,,,,
2.75,Spathiphyllum Chico,fast,95.74,,,,,,,,,,
2.83,Spathiphyllum Chico,fast,96.9,,,,,,,,,,
2.91,Spathiphyllum Chico,fast,98.84,,,,,,,,,,
3,Spathiphyllum Chico,fast,100,,,,,,,,,,
0,Spathiphyllum Chico,fast,0,,,,,,,,,,
0.083,Spathiphyllum Chico,fast,0.145,,,,,,,,,,
0.17,Spathiphyllum Chico,fast,0.29,,,,,,,,,,
0.25,Spathiphyllum Chico,fast,1.59,,,,,,,,,,
0.33,Spathiphyllum Chico,fast,6.96,,,,,,,,,,
0.42,Spathiphyllum Chico,fast,8.26,,,,,,,,,,
0.5,Spathiphyllum Chico,fast,8.41,,,,,,,,,,
0.58,Spathiphyllum Chico,fast,9.28,,,,,,,,,,
0.66,Spathiphyllum Chico,fast,9.71,,,,,,,,,,
0.75,Spathiphyllum Chico,fast,10.58,,,,,,,,,,
0.83,Spathiphyllum Chico,fast,11.45,,,,,,,,,,
0.91,Spathiphyllum Chico,fast,13.77,,,,,,,,,,
1,Spathiphyllum Chico,fast,19.71,,,,,,,,,,
1.08,Spathiphyllum Chico,fast,23.33,,,,,,,,,,
1.16,Spathiphyllum Chico,fast,59.28,,,,,,,,,,
1.25,Spathiphyllum Chico,fast,74.78,,,,,,,,,,
1.33,Spathiphyllum Chico,fast,90.43,,,,,,,,,,
1.41,Spathiphyllum Chico,fast,96.52,,,,,,,,,,
1.5,Spathiphyllum Chico,fast,97.25,,,,,,,,,,
1.58,Spathiphyllum Chico,fast,97.54,,,,,,,,,,
1.67,Spathiphyllum Chico,fast,98.55,,,,,,,,,,
1.75,Spathiphyllum Chico,fast,99.28,,,,,,,,,,
1.83,Spathiphyllum Chico,fast,100,,,,,,,,,,
1.92,Spathiphyllum Chico,fast,99.28,,,,,,,,,,
2,Spathiphyllum Chico,fast,99.52,,,,,,,,,,
2.08,Spathiphyllum Chico,fast,99.52,,,,,,,,,,
2.16,Spathiphyllum Chico,fast,99.52,,,,,,,,,,
2.25,Spathiphyllum Chico,fast,99.52,,,,,,,,,,
2.33,Spathiphyllum Chico,fast,99.52,,,,,,,,,,
2.41,Spathiphyllum Chico,fast,99.52,,,,,,,,,,
2.5,Spathiphyllum Chico,fast,99.52,,,,,,,,,,
2.58,Spathiphyllum Chico,fast,100,,,,,,,,,,
2.66,Spathiphyllum Chico,fast,100,,,,,,,,,,
2.75,Spathiphyllum Chico,fast,100,,,,,,,,,,
2.83,Spathiphyllum Chico,fast,100,,,,,,,,,,
2.91,Spathiphyllum Chico,fast,100,,,,,,,,,,
3,Spathiphyllum Chico,fast,100,,,,,,,,,,
0,Spathiphyllum Chico,fast,0,,,,,,,,,,
0.083,Spathiphyllum Chico,fast,16.75,,,,,,,,,,
0.17,Spathiphyllum Chico,fast,33.51,,,,,,,,,,
0.25,Spathiphyllum Chico,fast,40.88,,,,,,,,,,
0.33,Spathiphyllum Chico,fast,47.46,,,,,,,,,,
0.42,Spathiphyllum Chico,fast,49.91,,,,,,,,,,
0.5,Spathiphyllum Chico,fast,52.98,,,,,,,,,,
0.58,Spathiphyllum Chico,fast,55.53,,,,,,,,,,
0.66,Spathiphyllum Chico,fast,59.65,,,,,,,,,,
0.75,Spathiphyllum Chico,fast,63.6,,,,,,,,,,
0.83,Spathiphyllum Chico,fast,65.61,,,,,,,,,,
0.91,Spathiphyllum Chico,fast,67.81,,,,,,,,,,
1,Spathiphyllum Chico,fast,70.18,,,,,,,,,,
1.08,Spathiphyllum Chico,fast,72.54,,,,,,,,,,
1.16,Spathiphyllum Chico,fast,75.7,,,,,,,,,,
1.25,Spathiphyllum Chico,fast,79.21,,,,,,,,,,
1.33,Spathiphyllum Chico,fast,82.46,,,,,,,,,,
1.41,Spathiphyllum Chico,fast,84.39,,,,,,,,,,
1.5,Spathiphyllum Chico,fast,86.49,,,,,,,,,,
1.58,Spathiphyllum Chico,fast,87.89,,,,,,,,,,
1.67,Spathiphyllum Chico,fast,89.39,,,,,,,,,,
1.75,Spathiphyllum Chico,fast,90.61,,,,,,,,,,
1.83,Spathiphyllum Chico,fast,90.96,,,,,,,,,,
1.92,Spathiphyllum Chico,fast,91.67,,,,,,,,,,
2,Spathiphyllum Chico,fast,93.6,,,,,,,,,,
2.08,Spathiphyllum Chico,fast,94.04,,,,,,,,,,
2.16,Spathiphyllum Chico,fast,94.56,,,,,,,,,,
2.25,Spathiphyllum Chico,fast,95.53,,,,,,,,,,
2.33,Spathiphyllum Chico,fast,96.14,,,,,,,,,,
2.41,Spathiphyllum Chico,fast,97.54,,,,,,,,,,
2.5,Spathiphyllum Chico,fast,97.19,,,,,,,,,,
2.58,Spathiphyllum Chico,fast,97.98,,,,,,,,,,
2.66,Spathiphyllum Chico,fast,98.33,,,,,,,,,,
2.75,Spathiphyllum Chico,fast,99.39,,,,,,,,,,
2.83,Spathiphyllum Chico,fast,99.47,,,,,,,,,,
2.91,Spathiphyllum Chico,fast,99.91,,,,,,,,,,
3,Spathiphyllum Chico,fast,100,,,,,,,,,,
0,Philodendron hederaceum &Philodendron erubescens,fast,0,,,,,,,,,,
0.083,Philodendron hederaceum &Philodendron erubescens,fast,53.8,,,,,,,,,,
0.17,Philodendron hederaceum &Philodendron erubescens,fast,79.35,,,,,,,,,,
0.25,Philodendron hederaceum &Philodendron erubescens,fast,85.22,,,,,,,,,,
0.33,Philodendron hederaceum &Philodendron erubescens,fast,86.63,,,,,,,,,,
0.42,Philodendron hederaceum &Philodendron erubescens,fast,88.91,,,,,,,,,,
0.5,Philodendron hederaceum &Philodendron erubescens,fast,89.24,,,,,,,,,,
0.58,Philodendron hederaceum &Philodendron erubescens,fast,91.2,,,,,,,,,,
0.66,Philodendron hederaceum &Philodendron erubescens,fast,92.17,,,,,,,,,,
0.75,Philodendron hederaceum &Philodendron erubescens,fast,93.37,,,,,,,,,,
0.83,Philodendron hederaceum &Philodendron erubescens,fast,93.91,,,,,,,,,,
0.91,Philodendron hederaceum &Philodendron erubescens,fast,94.57,,,,,,,,,,
1,Philodendron hederaceum &Philodendron erubescens,fast,94.24,,,,,,,,,,
1.08,Philodendron hederaceum &Philodendron erubescens,fast,94.67,,,,,,,,,,
1.16,Philodendron hederaceum &Philodendron erubescens,fast,95.43,,,,,,,,,,
1.25,Philodendron hederaceum &Philodendron erubescens,fast,96.3,,,,,,,,,,
1.33,Philodendron hederaceum &Philodendron erubescens,fast,96.41,,,,,,,,,,
1.41,Philodendron hederaceum &Philodendron erubescens,fast,96.63,,,,,,,,,,
1.5,Philodendron hederaceum &Philodendron erubescens,fast,96.63,,,,,,,,,,
1.58,Philodendron hederaceum &Philodendron erubescens,fast,96.74,,,,,,,,,,
1.67,Philodendron hederaceum &Philodendron erubescens,fast,97.07,,,,,,,,,,
1.75,Philodendron hederaceum &Philodendron erubescens,fast,97.28,,,,,,,,,,
1.83,Philodendron hederaceum &Philodendron erubescens,fast,97.28,,,,,,,,,,
1.92,Philodendron hederaceum &Philodendron erubescens,fast,98.15,,,,,,,,,,
2,Philodendron hederaceum &Philodendron erubescens,fast,98.04,,,,,,,,,,
2.08,Philodendron hederaceum &Philodendron erubescens,fast,98.26,,,,,,,,,,
2.16,Philodendron hederaceum &Philodendron erubescens,fast,98.59,,,,,,,,,,
2.25,Philodendron hederaceum &Philodendron erubescens,fast,98.48,,,,,,,,,,
2.33,Philodendron hederaceum &Philodendron erubescens,fast,98.59,,,,,,,,,,
2.41,Philodendron hederaceum &Philodendron erubescens,fast,99.24,,,,,,,,,,
2.5,Philodendron hederaceum &Philodendron erubescens,fast,99.35,,,,,,,,,,
2.58,Philodendron hederaceum &Philodendron erubescens,fast,100,,,,,,,,,,
2.66,Philodendron hederaceum &Philodendron erubescens,fast,99.46,,,,,,,,,,
2.75,Philodendron hederaceum &Philodendron erubescens,fast,99.89,,,,,,,,,,
2.83,Philodendron hederaceum &Philodendron erubescens,fast,99.67,,,,,,,,,,
2.91,Philodendron hederaceum &Philodendron erubescens,fast,99.78,,,,,,,,,,
3,Philodendron hederaceum &Philodendron erubescens,fast,99.89,,,,,,,,,,
0,Philodendron hederaceum &Philodendron erubescens,fast,0.78,,,,,,,,,,
0.083,Philodendron hederaceum &Philodendron erubescens,fast,12.25,,,,,,,,,,
0.17,Philodendron hederaceum &Philodendron erubescens,fast,25.89,,,,,,,,,,
0.25,Philodendron hederaceum &Philodendron erubescens,fast,38.91,,,,,,,,,,
0.33,Philodendron hederaceum &Philodendron erubescens,fast,49.3,,,,,,,,,,
0.42,Philodendron hederaceum &Philodendron erubescens,fast,56.12,,,,,,,,,,
0.5,Philodendron hederaceum &Philodendron erubescens,fast,58.91,,,,,,,,,,
0.58,Philodendron hederaceum &Philodendron erubescens,fast,61.4,,,,,,,,,,
0.66,Philodendron hederaceum &Philodendron erubescens,fast,62.95,,,,,,,,,,
0.75,Philodendron hederaceum &Philodendron erubescens,fast,65.43,,,,,,,,,,
0.83,Philodendron hederaceum &Philodendron erubescens,fast,68.37,,,,,,,,,,
0.91,Philodendron hederaceum &Philodendron erubescens,fast,70.08,,,,,,,,,,
1,Philodendron hederaceum &Philodendron erubescens,fast,73.64,,,,,,,,,,
1.08,Philodendron hederaceum &Philodendron erubescens,fast,75.35,,,,,,,,,,
1.16,Philodendron hederaceum &Philodendron erubescens,fast,77.36,,,,,,,,,,
1.25,Philodendron hederaceum &Philodendron erubescens,fast,78.29,,,,,,,,,,
1.33,Philodendron hederaceum &Philodendron erubescens,fast,80,,,,,,,,,,
1.41,Philodendron hederaceum &Philodendron erubescens,fast,81.71,,,,,,,,,,
1.5,Philodendron hederaceum &Philodendron erubescens,fast,83.26,,,,,,,,,,
1.58,Philodendron hederaceum &Philodendron erubescens,fast,85.12,,,,,,,,,,
1.67,Philodendron hederaceum &Philodendron erubescens,fast,86.98,,,,,,,,,,
1.75,Philodendron hederaceum &Philodendron erubescens,fast,87.75,,,,,,,,,,
1.83,Philodendron hederaceum &Philodendron erubescens,fast,89.3,,,,,,,,,,
1.92,Philodendron hederaceum &Philodendron erubescens,fast,90.08,,,,,,,,,,
2,Philodendron hederaceum &Philodendron erubescens,fast,91.63,,,,,,,,,,
2.08,Philodendron hederaceum &Philodendron erubescens,fast,92.25,,,,,,,,,,
2.16,Philodendron hederaceum &Philodendron erubescens,fast,92.25,,,,,,,,,,
2.25,Philodendron hederaceum &Philodendron erubescens,fast,93.64,,,,,,,,,,
2.33,Philodendron hederaceum &Philodendron erubescens,fast,94.26,,,,,,,,,,
2.41,Philodendron hederaceum &Philodendron erubescens,fast,95.04,,,,,,,,,,
2.5,Philodendron hederaceum &Philodendron erubescens,fast,95.97,,,,,,,,,,
2.58,Philodendron hederaceum &Philodendron erubescens,fast,96.9,,,,,,,,,,
2.66,Philodendron hederaceum &Philodendron erubescens,fast,97.83,,,,,,,,,,
2.75,Philodendron hederaceum &Philodendron erubescens,fast,97.83,,,,,,,,,,
2.83,Philodendron hederaceum &Philodendron erubescens,fast,98.6,,,,,,,,,,
2.91,Philodendron hederaceum &Philodendron erubescens,fast,98.91,,,,,,,,,,
3,Philodendron hederaceum &Philodendron erubescens,fast,100,,,,,,,,,,
0,Philodendron hederaceum &Philodendron erubescens,fast,1.73,,,,,,,,,,
0.083,Philodendron hederaceum &Philodendron erubescens,fast,0,,,,,,,,,,
0.17,Philodendron hederaceum &Philodendron erubescens,fast,10.82,,,,,,,,,,
0.25,Philodendron hederaceum &Philodendron erubescens,fast,64.07,,,,,,,,,,
0.33,Philodendron hederaceum &Philodendron erubescens,fast,78.5,,,,,,,,,,
0.42,Philodendron hederaceum &Philodendron erubescens,fast,89.9,,,,,,,,,,
0.5,Philodendron hederaceum &Philodendron erubescens,fast,93.07,,,,,,,,,,
0.58,Philodendron hederaceum &Philodendron erubescens,fast,97.26,,,,,,,,,,
0.66,Philodendron hederaceum &Philodendron erubescens,fast,100,,,,,,,,,,
0.75,Philodendron hederaceum &Philodendron erubescens,fast,99.42,,,,,,,,,,
0.83,Philodendron hederaceum &Philodendron erubescens,fast,96.83,,,,,,,,,,
0.91,Philodendron hederaceum &Philodendron erubescens,fast,96.54,,,,,,,,,,
1,Philodendron hederaceum &Philodendron erubescens,fast,97.84,,,,,,,,,,
1.08,Philodendron hederaceum &Philodendron erubescens,fast,93.07,,,,,,,,,,
1.16,Philodendron hederaceum &Philodendron erubescens,fast,92.35,,,,,,,,,,
1.25,Philodendron hederaceum &Philodendron erubescens,fast,93.94,,,,,,,,,,
1.33,Philodendron hederaceum &Philodendron erubescens,fast,95.53,,,,,,,,,,
1.41,Philodendron hederaceum &Philodendron erubescens,fast,96.39,,,,,,,,,,
1.5,Philodendron hederaceum &Philodendron erubescens,fast,95.82,,,,,,,,,,
1.58,Philodendron hederaceum &Philodendron erubescens,fast,95.53,,,,,,,,,,
1.67,Philodendron hederaceum &Philodendron erubescens,fast,97.69,,,,,,,,,,
1.75,Philodendron hederaceum &Philodendron erubescens,fast,97.69,,,,,,,,,,
1.83,Philodendron hederaceum &Philodendron erubescens,fast,97.11,,,,,,,,,,
1.92,Philodendron hederaceum &Philodendron erubescens,fast,97.4,,,,,,,,,,
2,Philodendron hederaceum &Philodendron erubescens,fast,96.97,,,,,,,,,,
2.08,Philodendron hederaceum &Philodendron erubescens,fast,98.41,,,,,,,,,,
2.16,Philodendron hederaceum &Philodendron erubescens,fast,97.69,,,,,,,,,,
2.25,Philodendron hederaceum &Philodendron erubescens,fast,96.68,,,,,,,,,,
2.33,Philodendron hederaceum &Philodendron erubescens,fast,96.54,,,,,,,,,,
2.41,Philodendron hederaceum &Philodendron erubescens,fast,96.97,,,,,,,,,,
2.5,Philodendron hederaceum &Philodendron erubescens,fast,96.68,,,,,,,,,,
2.58,Philodendron hederaceum &Philodendron erubescens,fast,96.39,,,,,,,,,,
2.66,Philodendron hederaceum &Philodendron erubescens,fast,96.83,,,,,,,,,,
2.75,Philodendron hederaceum &Philodendron erubescens,fast,97.26,,,,,,,,,,
2.83,Philodendron hederaceum &Philodendron erubescens,fast,97.69,,,,,,,,,,
2.91,Philodendron hederaceum &Philodendron erubescens,fast,98.41,,,,,,,,,,
3,Philodendron hederaceum &Philodendron erubescens,fast,100,,,,,,,,,,
0,Peperomia obtusifolia,fast,0,,,,,,,,,,
0.083,Peperomia obtusifolia,fast,10.04,,,,,,,,,,
0.17,Peperomia obtusifolia,fast,21.2,,,,,,,,,,
0.25,Peperomia obtusifolia,fast,25.24,,,,,,,,,,
0.33,Peperomia obtusifolia,fast,29.99,,,,,,,,,,
0.42,Peperomia obtusifolia,fast,33.89,,,,,,,,,,
0.5,Peperomia obtusifolia,fast,38.21,,,,,,,,,,
0.58,Peperomia obtusifolia,fast,44.63,,,,,,,,,,
0.66,Peperomia obtusifolia,fast,54.81,,,,,,,,,,
0.75,Peperomia obtusifolia,fast,62.06,,,,,,,,,,
0.83,Peperomia obtusifolia,fast,65.27,,,,,,,,,,
0.91,Peperomia obtusifolia,fast,66.67,,,,,,,,,,
1,Peperomia obtusifolia,fast,68.62,,,,,,,,,,
1.08,Peperomia obtusifolia,fast,69.46,,,,,,,,,,
1.16,Peperomia obtusifolia,fast,78.38,,,,,,,,,,
1.25,Peperomia obtusifolia,fast,78.52,,,,,,,,,,
1.33,Peperomia obtusifolia,fast,78.94,,,,,,,,,,
1.41,Peperomia obtusifolia,fast,79.92,,,,,,,,,,
1.5,Peperomia obtusifolia,fast,80.61,,,,,,,,,,
1.58,Peperomia obtusifolia,fast,81.45,,,,,,,,,,
1.67,Peperomia obtusifolia,fast,83.4,,,,,,,,,,
1.75,Peperomia obtusifolia,fast,83.82,,,,,,,,,,
1.83,Peperomia obtusifolia,fast,85.22,,,,,,,,,,
1.92,Peperomia obtusifolia,fast,87.17,,,,,,,,,,
2,Peperomia obtusifolia,fast,88.42,,,,,,,,,,
2.08,Peperomia obtusifolia,fast,89.82,,,,,,,,,,
2.16,Peperomia obtusifolia,fast,91.35,,,,,,,,,,
2.25,Peperomia obtusifolia,fast,92.61,,,,,,,,,,
2.33,Peperomia obtusifolia,fast,93.72,,,,,,,,,,
2.41,Peperomia obtusifolia,fast,94.98,,,,,,,,,,
2.5,Peperomia obtusifolia,fast,95.68,,,,,,,,,,
2.58,Peperomia obtusifolia,fast,96.37,,,,,,,,,,
2.66,Peperomia obtusifolia,fast,97.49,,,,,,,,,,
2.75,Peperomia obtusifolia,fast,98.33,,,,,,,,,,
2.83,Peperomia obtusifolia,fast,98.47,,,,,,,,,,
2.91,Peperomia obtusifolia,fast,99.58,,,,,,,,,,
3,Peperomia obtusifolia,fast,100,,,,,,,,,,
0,Peperomia obtusifolia,fast,0,,,,,,,,,,
0.083,Peperomia obtusifolia,fast,0.38,,,,,,,,,,
0.17,Peperomia obtusifolia,fast,81.67,,,,,,,,,,
0.25,Peperomia obtusifolia,fast,93.19,,,,,,,,,,
0.33,Peperomia obtusifolia,fast,93.76,,,,,,,,,,
0.42,Peperomia obtusifolia,fast,94.24,,,,,,,,,,
0.5,Peperomia obtusifolia,fast,94.63,,,,,,,,,,
0.58,Peperomia obtusifolia,fast,95.11,,,,,,,,,,
0.66,Peperomia obtusifolia,fast,95.59,,,,,,,,,,
0.75,Peperomia obtusifolia,fast,96.16,,,,,,,,,,
0.83,Peperomia obtusifolia,fast,96.64,,,,,,,,,,
0.91,Peperomia obtusifolia,fast,96.83,,,,,,,,,,
1,Peperomia obtusifolia,fast,97.5,,,,,,,,,,
1.08,Peperomia obtusifolia,fast,97.5,,,,,,,,,,
1.16,Peperomia obtusifolia,fast,97.89,,,,,,,,,,
1.25,Peperomia obtusifolia,fast,98.27,,,,,,,,,,
1.33,Peperomia obtusifolia,fast,98.66,,,,,,,,,,
1.41,Peperomia obtusifolia,fast,98.85,,,,,,,,,,
1.5,Peperomia obtusifolia,fast,98.94,,,,,,,,,,
1.58,Peperomia obtusifolia,fast,99.42,,,,,,,,,,
1.67,Peperomia obtusifolia,fast,99.42,,,,,,,,,,
1.75,Peperomia obtusifolia,fast,99.62,,,,,,,,,,
1.83,Peperomia obtusifolia,fast,100,,,,,,,,,,
1.92,Peperomia obtusifolia,fast,99.9,,,,,,,,,,
2,Peperomia obtusifolia,fast,99.9,,,,,,,,,,
2.08,Peperomia obtusifolia,fast,99.9,,,,,,,,,,
2.16,Peperomia obtusifolia,fast,100,,,,,,,,,,
2.25,Peperomia obtusifolia,fast,99.71,,,,,,,,,,
2.33,Peperomia obtusifolia,fast,99.81,,,,,,,,,,
2.41,Peperomia obtusifolia,fast,99.42,,,,,,,,,,
2.5,Peperomia obtusifolia,fast,99.52,,,,,,,,,,
2.58,Peperomia obtusifolia,fast,98.85,,,,,,,,,,
2.66,Peperomia obtusifolia,fast,98.66,,,,,,,,,,
2.75,Peperomia obtusifolia,fast,98.46,,,,,,,,,,
2.83,Peperomia obtusifolia,fast,98.66,,,,,,,,,,
2.91,Peperomia obtusifolia,fast,98.08,,,,,,,,,,
3,Peperomia obtusifolia,fast,98.27,,,,,,,,,,
0,Peperomia obtusifolia,fast,0.63,,,,,,,,,,
0.083,Peperomia obtusifolia,fast,51.25,,,,,,,,,,
0.17,Peperomia obtusifolia,fast,86.36,,,,,,,,,,
0.25,Peperomia obtusifolia,fast,94.2,,,,,,,,,,
0.33,Peperomia obtusifolia,fast,96.55,,,,,,,,,,
0.42,Peperomia obtusifolia,fast,97.34,,,,,,,,,,
0.5,Peperomia obtusifolia,fast,98.12,,,,,,,,,,
0.58,Peperomia obtusifolia,fast,98.59,,,,,,,,,,
0.66,Peperomia obtusifolia,fast,99.22,,,,,,,,,,
0.75,Peperomia obtusifolia,fast,99.37,,,,,,,,,,
0.83,Peperomia obtusifolia,fast,99.37,,,,,,,,,,
0.91,Peperomia obtusifolia,fast,100,,,,,,,,,,
1,Peperomia obtusifolia,fast,100,,,,,,,,,,
1.08,Peperomia obtusifolia,fast,99.69,,,,,,,,,,
1.16,Peperomia obtusifolia,fast,99.69,,,,,,,,,,
1.25,Peperomia obtusifolia,fast,100,,,,,,,,,,
1.33,Peperomia obtusifolia,fast,100,,,,,,,,,,
1.41,Peperomia obtusifolia,fast,100,,,,,,,,,,
1.5,Peperomia obtusifolia,fast,100,,,,,,,,,,
1.58,Peperomia obtusifolia,fast,100,,,,,,,,,,
1.67,Peperomia obtusifolia,fast,100,,,,,,,,,,
1.75,Peperomia obtusifolia,fast,100,,,,,,,,,,
1.83,Peperomia obtusifolia,fast,100,,,,,,,,,,
1.92,Peperomia obtusifolia,fast,100,,,,,,,,,,
2,Peperomia obtusifolia,fast,100,,,,,,,,,,
2.08,Peperomia obtusifolia,fast,100,,,,,,,,,,
2.16,Peperomia obtusifolia,fast,100,,,,,,,,,,
2.25,Peperomia obtusifolia,fast,100,,,,,,,,,,
2.33,Peperomia obtusifolia,fast,100,,,,,,,,,,
2.41,Peperomia obtusifolia,fast,100,,,,,,,,,,
2.5,Peperomia obtusifolia,fast,100,,,,,,,,,,
2.58,Peperomia obtusifolia,fast,100,,,,,,,,,,
2.66,Peperomia obtusifolia,fast,100,,,,,,,,,,
2.75,Peperomia obtusifolia,fast,100,,,,,,,,,,
2.83,Peperomia obtusifolia,fast,100,,,,,,,,,,
2.91,Peperomia obtusifolia,fast,100,,,,,,,,,,
3,Peperomia obtusifolia,fast,100,,,,,,,,,,
0,Substrate only,fast,7.117852975,,,,,,,,,,
0.083,Substrate only,fast,33.02217036,,,,,,,,,,
0.17,Substrate only,fast,53.79229872,,,,,,,,,,
0.25,Substrate only,fast,59.15985998,,,,,,,,,,
0.33,Substrate only,fast,77.01283547,,,,,,,,,,
0.42,Substrate only,fast,85.29754959,,,,,,,,,,
0.5,Substrate only,fast,89.14819137,,,,,,,,,,
0.58,Substrate only,fast,91.831972,,,,,,,,,,
0.66,Substrate only,fast,93.34889148,,,,,,,,,,
0.75,Substrate only,fast,94.2823804,,,,,,,,,,
0.83,Substrate only,fast,95.0991832,,,,,,,,,,
0.91,Substrate only,fast,96.14935823,,,,,,,,,,
1,Substrate only,fast,96.96616103,,,,,,,,,,
1.08,Substrate only,fast,97.19953326,,,,,,,,,,
1.16,Substrate only,fast,97.66627771,,,,,,,,,,
1.25,Substrate only,fast,98.3663944,,,,,,,,,,
1.33,Substrate only,fast,99.41656943,,,,,,,,,,
1.41,Substrate only,fast,100,,,,,,,,,,
1.5,Substrate only,fast,100,,,,,,,,,,
1.58,Substrate only,fast,100,,,,,,,,,,
1.67,Substrate only,fast,100,,,,,,,,,,
1.75,Substrate only,fast,100,,,,,,,,,,
1.83,Substrate only,fast,100,,,,,,,,,,
1.92,Substrate only,fast,100,,,,,,,,,,
2,Substrate only,fast,100,,,,,,,,,,
2.08,Substrate only,fast,100,,,,,,,,,,
2.16,Substrate only,fast,100,,,,,,,,,,
2.25,Substrate only,fast,100,,,,,,,,,,
2.33,Substrate only,fast,100,,,,,,,,,,
2.41,Substrate only,fast,100,,,,,,,,,,
2.5,Substrate only,fast,100,,,,,,,,,,
2.58,Substrate only,fast,100,,,,,,,,,,
2.66,Substrate only,fast,100,,,,,,,,,,
2.75,Substrate only,fast,100,,,,,,,,,,
2.83,Substrate only,fast,100,,,,,,,,,,
2.91,Substrate only,fast,100,,,,,,,,,,
3,Substrate only,fast,100,,,,,,,,,,
0,Substrate only,fast,0,,,,,,,,,,
0.083,Substrate only,fast,0.516795866,,,,,,,,,,
0.17,Substrate only,fast,18.0878553,,,,,,,,,,
0.25,Substrate only,fast,50.64599483,,,,,,,,,,
0.33,Substrate only,fast,59.43152455,,,,,,,,,,
0.42,Substrate only,fast,61.11111111,,,,,,,,,,
0.5,Substrate only,fast,71.57622739,,,,,,,,,,
0.58,Substrate only,fast,76.74418605,,,,,,,,,,
0.66,Substrate only,fast,80.36175711,,,,,,,,,,
0.75,Substrate only,fast,85.27131783,,,,,,,,,,
0.83,Substrate only,fast,89.27648579,,,,,,,,,,
0.91,Substrate only,fast,90.69767442,,,,,,,,,,
1,Substrate only,fast,93.41085271,,,,,,,,,,
1.08,Substrate only,fast,94.83204134,,,,,,,,,,
1.16,Substrate only,fast,97.41602067,,,,,,,,,,
1.25,Substrate only,fast,100,,,,,,,,,,
1.33,Substrate only,fast,96.89922481,,,,,,,,,,
1.41,Substrate only,fast,100,,,,,,,,,,
1.5,Substrate only,fast,100,,,,,,,,,,
1.58,Substrate only,fast,100,,,,,,,,,,
1.67,Substrate only,fast,100,,,,,,,,,,
1.75,Substrate only,fast,100,,,,,,,,,,
1.83,Substrate only,fast,100,,,,,,,,,,
1.92,Substrate only,fast,100,,,,,,,,,,
2,Substrate only,fast,100,,,,,,,,,,
2.08,Substrate only,fast,100,,,,,,,,,,
2.16,Substrate only,fast,100,,,,,,,,,,
2.25,Substrate only,fast,100,,,,,,,,,,
2.33,Substrate only,fast,100,,,,,,,,,,
2.41,Substrate only,fast,100,,,,,,,,,,
2.5,Substrate only,fast,100,,,,,,,,,,
2.58,Substrate only,fast,100,,,,,,,,,,
2.66,Substrate only,fast,100,,,,,,,,,,
2.75,Substrate only,fast,100,,,,,,,,,,
2.83,Substrate only,fast,100,,,,,,,,,,
2.91,Substrate only,fast,100,,,,,,,,,,
3,Substrate only,fast,100,,,,,,,,,,
0,Substrate only,fast,0,,,,,,,,,,
0.083,Substrate only,fast,2.586206897,,,,,,,,,,
0.17,Substrate only,fast,7.004310345,,,,,,,,,,
0.25,Substrate only,fast,16.48706897,,,,,,,,,,
0.33,Substrate only,fast,28.77155172,,,,,,,,,,
0.42,Substrate only,fast,36.63793103,,,,,,,,,,
0.5,Substrate only,fast,48.92241379,,,,,,,,,,
0.58,Substrate only,fast,58.94396552,,,,,,,,,,
0.66,Substrate only,fast,65.40948276,,,,,,,,,,
0.75,Substrate only,fast,71.12068966,,,,,,,,,,
0.83,Substrate only,fast,87.17672414,,,,,,,,,,
0.91,Substrate only,fast,90.625,,,,,,,,,,
1,Substrate only,fast,92.88793103,,,,,,,,,,
1.08,Substrate only,fast,94.82758621,,,,,,,,,,
1.16,Substrate only,fast,96.76724138,,,,,,,,,,
1.25,Substrate only,fast,97.19827586,,,,,,,,,,
1.33,Substrate only,fast,98.16810345,,,,,,,,,,
1.41,Substrate only,fast,99.35344828,,,,,,,,,,
1.5,Substrate only,fast,100,,,,,,,,,,
1.58,Substrate only,fast,100,,,,,,,,,,
1.67,Substrate only,fast,100,,,,,,,,,,
1.75,Substrate only,fast,100,,,,,,,,,,
1.83,Substrate only,fast,100,,,,,,,,,,
1.92,Substrate only,fast,100,,,,,,,,,,
2,Substrate only,fast,100,,,,,,,,,,
2.08,Substrate only,fast,100,,,,,,,,,,
2.16,Substrate only,fast,100,,,,,,,,,,
2.25,Substrate only,fast,100,,,,,,,,,,
2.33,Substrate only,fast,100,,,,,,,,,,
2.41,Substrate only,fast,100,,,,,,,,,,
2.5,Substrate only,fast,100,,,,,,,,,,
2.58,Substrate only,fast,100,,,,,,,,,,
2.66,Substrate only,fast,100,,,,,,,,,,
2.75,Substrate only,fast,100,,,,,,,,,,
2.83,Substrate only,fast,100,,,,,,,,,,
2.91,Substrate only,fast,100,,,,,,,,,,
3,Substrate only,fast,100,,,,,,,,,,
